observer,trial,x,y,dur,on,off,n,timeInt
8,1,961,546,597,0,596,1,waiting
8,1,1079.2,542.9,418,619,1036,2,waiting
8,2,964.8,532.3,2135,0,2134,1,waiting
8,2,1023.9,527,131,2151,2281,2,targOff
8,3,955.1,550.2,1898,0,1897,1,waiting
8,4,953.2,556.2,677,0,676,1,waiting
8,4,1018.4,556.1,160,693,852,2,waiting
8,4,958.7,552.6,1668,871,2538,3,waiting
8,5,954.1,554.7,347,0,346,1,waiting
8,5,957.3,547.2,2001,354,2354,2,waiting
8,6,953.5,549.6,2363,0,2362,1,waiting
8,7,950.9,547.6,2539,0,2538,1,waiting
8,8,1034.6,540.8,267,0,266,1,waiting
8,8,1100.6,547.6,817,287,1103,2,waiting
8,9,945,519.8,37,0,36,1,waiting
8,9,948.4,560.7,73,54,126,2,waiting
8,9,1003.8,560.3,290,351,640,3,waiting
8,9,1115.9,550.3,518,667,1184,4,waiting
8,10,965.9,555.9,555,0,554,1,waiting
8,10,890.7,552,133,571,703,2,waiting
8,10,957,548,1052,722,1773,3,waiting
8,10,815,547.4,633,1807,2439,4,dotOff
8,11,961.8,547.9,700,0,699,1,waiting
8,11,819.4,553.7,546,722,1267,2,waiting
8,12,960.8,546.5,75,0,74,1,waiting
8,12,940.7,550.3,214,207,420,2,waiting
8,12,1048.6,545.1,495,445,939,3,waiting
8,12,956.2,547.1,303,963,1265,4,waiting
8,13,958.6,550.7,1836,0,1835,1,waiting
8,13,813.5,546.9,341,1864,2204,2,targOff
8,14,959.2,546.9,641,0,640,1,waiting
8,14,854.4,544.9,146,661,806,2,waiting
8,14,959.7,550.4,974,832,1805,3,waiting
8,14,826.5,551.9,1799,1830,3628,4,dotOff
8,15,961.1,548.9,2633,0,2632,1,waiting
8,15,820.9,549.4,211,2658,2868,2,targOff
8,16,959.8,551.9,1620,0,1619,1,waiting
8,16,1104.9,557.4,1215,1644,2858,2,dotOff
8,17,949.9,549.5,141,0,140,1,waiting
8,17,956.1,548.6,902,380,1281,2,waiting
8,18,954.1,553.5,1947,0,1946,1,waiting
8,18,1102.5,546.8,655,1976,2630,2,dotOff
8,18,1033.1,545.7,140,2649,2788,3,targOff
8,19,961.3,552,1807,0,1806,1,waiting
8,19,1091.4,553.3,143,1830,1972,2,dotOff
8,19,1111.4,550.7,771,1992,2762,3,dotOff
8,19,1124.1,549.9,252,2770,3021,4,targOff
8,20,962.5,546.8,124,0,123,1,waiting
8,20,967.5,546.2,650,310,959,2,waiting
8,21,949.3,555.8,373,0,372,1,waiting
8,21,946.3,559.9,277,511,787,2,waiting
8,21,1095.8,555.1,293,819,1111,3,waiting
8,21,965.9,554.2,117,1138,1254,4,waiting
8,22,949.7,545.4,159,0,158,1,waiting
8,22,960.7,550.9,1377,166,1542,2,waiting
8,22,896.6,539.9,120,1558,1677,3,dotOff
8,22,823.4,551.5,1063,1697,2759,4,dotOff
8,23,958.7,548.4,1529,0,1528,1,waiting
8,23,1097.9,550.3,940,1553,2492,2,dotOff
8,24,960.2,550.3,727,0,726,1,waiting
8,24,819.3,555.2,465,754,1218,2,waiting
8,25,952.1,553.6,1211,0,1210,1,waiting
8,25,964.6,550.1,1160,1218,2377,2,waiting
8,25,1102.7,548.9,382,2407,2788,3,targOff
8,26,961.3,537.5,1619,0,1618,1,waiting
8,26,1107.1,546.9,1135,1642,2776,2,dotOff
8,27,960.9,549.8,1768,0,1767,1,waiting
8,27,1097,546.6,542,1793,2334,2,dotOff
8,27,1121.7,546,257,2345,2601,3,targOff
8,28,964,547.7,1460,0,1459,1,waiting
8,28,824.8,551.1,218,1485,1702,2,dotOff
8,28,806.4,552.9,658,1711,2368,3,dotOff
8,29,958.9,546.6,2060,0,2059,1,waiting
8,29,822.4,551.1,339,2082,2420,2,targOff
8,30,958,545.5,1405,0,1404,1,waiting
8,30,836.4,553.7,161,1426,1586,2,dotOff
8,30,815,552.9,772,1596,2367,3,dotOff
8,31,961.2,548.3,1410,0,1409,1,waiting
8,31,828.1,549.8,221,1433,1653,2,dotOff
8,31,814.8,551.6,712,1660,2371,3,dotOff
8,32,961.1,547.7,2178,0,2177,1,waiting
8,32,1074.8,548.1,224,2201,2424,2,targOff
8,33,958.2,544.9,2009,0,2008,1,waiting
8,33,829.4,543.9,372,2031,2402,2,targOff
8,34,943.6,533.8,267,0,266,1,waiting
8,34,955.7,546.9,536,274,809,2,waiting
8,34,863.8,549.7,255,831,1085,3,waiting
8,34,815.9,552.8,134,1101,1234,4,waiting
8,34,949.8,549.8,844,1261,2104,5,dotOff
8,34,868,548.9,168,2123,2290,6,targOff
8,34,814.9,547.1,146,2306,2451,7,targOff
8,35,961.4,566.4,174,0,173,1,waiting
8,35,936.3,578.1,117,274,390,2,waiting
8,35,956.4,556.7,1111,398,1508,3,waiting
8,35,830.7,557.5,197,1529,1725,4,dotOff
8,35,807,554.9,683,1735,2417,5,dotOff
8,36,961.2,549.8,151,0,150,1,waiting
8,36,961.2,549.7,789,327,1115,2,waiting
8,37,955.4,544.1,594,0,593,1,waiting
8,37,954.1,546.6,1012,601,1612,2,waiting
8,37,955.8,543.6,834,1620,2453,3,dotOff
8,38,950.7,541.7,311,0,310,1,waiting
8,38,921.2,543,32,325,356,2,waiting
8,38,960.4,541.5,1898,378,2275,3,waiting
8,39,956.6,542.7,2218,0,2217,1,waiting
8,39,998.1,539.6,277,2230,2506,2,targOff
8,40,955.1,541,2047,0,2046,1,waiting
8,40,1005.1,542.9,125,2061,2185,2,targOff
8,41,954.1,543.4,2201,0,2200,1,waiting
8,42,953.6,542.5,2425,0,2424,1,waiting
8,43,949.8,538.8,1142,0,1141,1,waiting
8,43,967.8,538.3,50,1151,1200,2,dotOff
8,43,952.5,541.9,1101,1211,2311,3,dotOff
8,44,958.7,545.5,2402,0,2401,1,waiting
8,44,1012.3,536.1,194,2417,2610,2,targOff
8,45,955,541.2,799,0,798,1,waiting
8,45,956,545.4,1803,808,2610,2,waiting
8,46,953.7,541.9,2326,0,2325,1,waiting
8,46,1007.3,535.3,67,2341,2407,2,targOff
8,47,956.9,540.3,348,0,347,1,waiting
8,47,951.3,544.3,2087,358,2444,2,waiting
8,48,952.9,541.9,2100,0,2099,1,waiting
8,48,874.2,542.2,245,2116,2360,2,targOff
8,49,954,537.5,2098,0,2097,1,waiting
8,49,845.7,547,248,2118,2365,2,targOff
8,50,949.7,538.1,2527,0,2526,1,waiting
8,51,951.6,542.7,2460,0,2459,1,waiting
8,52,949.5,547.8,1464,0,1463,1,waiting
8,52,990.9,549,603,1477,2079,2,dotOff
8,52,1028.8,552.8,223,2093,2315,3,targOff
8,53,955.2,545.6,2343,0,2342,1,waiting
8,53,1003.8,542.4,170,2357,2526,2,targOff
8,54,950.7,548.1,2354,0,2353,1,waiting
8,54,1010.7,538.9,243,2368,2610,2,targOff
8,55,949.1,565.1,133,0,132,1,waiting
8,55,960.9,545.6,2083,143,2225,2,waiting
8,55,1034.5,542.1,218,2245,2462,3,targOff
8,56,955.5,545.7,2120,0,2119,1,waiting
8,56,855.4,545.8,54,2139,2192,2,targOff
8,57,955.6,538.2,899,0,898,1,waiting
8,57,943.7,537.7,141,906,1046,2,waiting
8,57,953.7,548.3,1039,1065,2103,3,waiting
8,57,1007.3,545.3,364,2119,2482,4,targOff
8,58,947.9,549.5,945,0,944,1,waiting
8,58,951.6,549,1095,953,2047,2,dotOff
8,59,954.6,547,2527,0,2526,1,waiting
8,60,951.6,548.2,1967,0,1966,1,waiting
8,60,1023.6,550.6,310,1983,2292,2,targOff
8,61,956.2,550.4,2694,0,2693,1,waiting
8,62,952.1,549.9,2247,0,2246,1,waiting
8,63,952.5,538.9,1805,0,1804,1,waiting
8,63,836.7,538.7,252,1827,2078,2,targOff
8,64,949.5,541.6,2251,0,2250,1,waiting
8,64,888.4,544.9,223,2265,2487,2,targOff
8,65,939.1,538.9,217,0,216,1,waiting
8,65,956.7,544.1,773,235,1007,2,waiting
8,65,938.1,542.5,538,1017,1554,3,waiting
8,65,962.2,544,749,1565,2313,4,dotOff
8,66,954.6,544.1,2042,0,2041,1,waiting
8,66,1066.9,548.3,305,2064,2368,2,targOff
8,67,952.8,541.2,391,0,390,1,waiting
8,67,900.9,540.7,182,403,584,2,waiting
8,67,823.2,539.2,199,602,800,3,waiting
8,67,952.8,543.6,394,824,1217,4,waiting
8,68,949.3,550.3,2058,0,2057,1,waiting
8,68,1020.8,541.1,119,2078,2196,2,targOff
8,69,948.4,542.3,2277,0,2276,1,waiting
8,70,951.6,542,770,0,769,1,waiting
8,70,969.3,541,131,780,910,2,waiting
8,70,953.7,536.8,1774,918,2691,3,waiting
8,71,947.6,546,1862,0,1861,1,waiting
8,71,1054.5,542.6,225,1882,2106,2,targOff
8,72,949.8,544.1,359,0,358,1,waiting
8,72,923.6,543.2,28,367,394,2,waiting
8,72,948.4,541.3,696,510,1205,3,waiting
8,73,952.6,539.2,1463,0,1462,1,waiting
8,73,819.2,537.1,829,1486,2314,2,dotOff
8,74,959.9,533.5,1917,0,1916,1,waiting
8,74,817.5,541.2,344,1941,2284,2,targOff
8,75,954.2,532.4,1613,0,1612,1,waiting
8,75,1081.6,535.9,568,1647,2214,2,dotOff
8,75,1104,532.9,226,2225,2450,3,targOff
8,76,956.9,532.4,1775,0,1774,1,waiting
8,76,1046.1,527,249,1795,2043,2,targOff
8,76,1113.4,525.8,40,2060,2099,3,targOff
8,77,952,537,1750,0,1749,1,waiting
8,77,1085.9,535,620,1774,2393,2,dotOff
8,77,1105.1,534.5,219,2401,2619,3,targOff
8,78,954.4,533.7,1753,0,1752,1,waiting
8,78,1053.9,535.3,444,1776,2219,2,dotOff
8,78,1103,535.4,219,2233,2451,3,targOff
8,79,957.6,535.8,1741,0,1740,1,waiting
8,79,816.7,534,686,1765,2450,2,dotOff
8,80,958.1,536,1312,0,1311,1,waiting
8,80,1076.2,534.3,366,1335,1700,2,dotOff
8,80,1108.2,535.2,318,1712,2029,3,targOff
8,81,958.8,532.6,1752,0,1751,1,waiting
8,81,830.5,535.9,417,1773,2189,2,targOff
8,82,955.6,531.6,1603,0,1602,1,waiting
8,82,1073.4,532.8,245,1627,1871,2,dotOff
8,82,1106.5,534.7,530,1883,2412,3,targOff
8,83,958.2,534,2050,0,2049,1,waiting
8,83,865,529.7,159,2069,2227,2,targOff
8,83,1073.7,527.6,125,2262,2386,3,targOff
8,84,955.9,536.9,1766,0,1765,1,waiting
8,84,1097.5,537.2,339,1791,2129,2,targOff
8,85,952.5,534.4,599,0,598,1,waiting
8,85,836.2,539.3,312,620,931,2,waiting
8,85,809.9,541.1,306,941,1246,3,waiting
8,86,946.4,537.1,1677,0,1676,1,waiting
8,86,1080,534.6,193,1700,1892,2,dotOff
8,86,1098.9,534.2,555,1901,2455,3,targOff
8,87,949.1,534.1,1608,0,1607,1,waiting
8,87,862.3,536.8,147,1626,1772,2,targOff
8,87,801.2,540.9,264,1788,2051,3,targOff
8,88,934.3,524.8,257,0,256,1,waiting
8,88,949,485.8,168,1244,1411,2,waiting
8,88,966,527.4,73,1428,1500,3,waiting
8,89,950.6,538.4,174,0,173,1,waiting
8,89,959.9,503.8,146,1107,1252,2,waiting
8,90,945.3,542.6,1070,0,1069,1,waiting
8,90,1064.6,536.4,352,1092,1443,2,waiting
8,90,1095.7,537.7,646,1454,2099,3,dotOff
8,91,953.5,544.9,1524,0,1523,1,waiting
8,91,1083.7,533.5,162,1547,1708,2,dotOff
8,91,1103.3,535.3,417,1715,2131,3,targOff
8,91,1035.9,535.6,139,2149,2287,4,targOff
8,92,953,536.2,1449,0,1448,1,waiting
8,92,818,535.7,734,1471,2204,2,dotOff
8,93,956.9,533.5,2027,0,2026,1,waiting
8,93,1091.5,529.7,252,2051,2302,2,targOff
8,93,1112.7,529.5,58,2310,2367,3,targOff
8,94,953.3,537.5,1407,0,1406,1,waiting
8,94,1092.5,536.9,707,1433,2139,2,dotOff
8,94,1024.5,539.5,42,2157,2198,3,targOff
8,95,950.6,539.6,1599,0,1598,1,waiting
8,95,809.6,535.6,235,1621,1855,2,targOff
8,96,950.5,542.4,1862,0,1861,1,waiting
8,96,1064.9,534.3,319,1883,2201,2,targOff
8,97,947.3,538.2,2019,0,2018,1,waiting
8,97,827.8,541.1,185,2041,2225,2,targOff
8,97,804.4,538.9,218,2236,2453,3,targOff
8,98,948.4,540.9,1664,0,1663,1,waiting
8,98,845,544.6,256,1684,1939,2,targOff
8,98,806.9,544.1,215,1953,2167,3,targOff
8,99,941.3,536.5,2046,0,2045,1,waiting
8,99,850.6,542.2,302,2066,2367,2,targOff
8,100,942.4,538.4,308,0,307,1,waiting
8,100,948.8,542.4,1044,316,1359,2,waiting
8,100,1048.8,531.8,131,1380,1510,3,dotOff
8,100,1087.6,537.6,346,1523,1868,4,dotOff
8,100,1109,539.4,327,1876,2202,5,targOff
8,101,945.2,541.2,1192,0,1191,1,waiting
8,101,830.6,540.9,347,1214,1560,2,dotOff
8,101,795.5,544.1,350,1571,1920,3,targOff
8,102,942.6,534.9,1931,0,1930,1,waiting
8,102,1052.9,529.4,331,1954,2284,2,targOff
8,103,944.2,540.3,2099,0,2098,1,waiting
8,103,850.6,540.7,336,2119,2454,2,targOff
8,104,943.2,539.7,2047,0,2046,1,waiting
8,104,1078.7,532.6,236,2069,2304,2,targOff
8,105,945.8,541.2,1372,0,1371,1,waiting
8,105,793,542.7,760,1395,2154,2,dotOff
8,106,946.4,537.9,1598,0,1597,1,waiting
8,106,795.7,538.6,430,1621,2050,2,targOff
8,107,945.3,539.5,1275,0,1274,1,waiting
8,107,803.1,540.9,724,1299,2022,2,dotOff
8,108,941.5,541.2,2022,0,2021,1,waiting
8,108,830.6,541.1,169,2042,2210,2,targOff
8,108,792.1,544.1,245,2223,2467,3,targOff
8,109,947.4,533.8,1927,0,1926,1,waiting
8,110,950.3,529.3,2014,0,2013,1,waiting
8,111,945.8,534.6,683,0,682,1,waiting
8,111,832.4,535.4,206,704,909,2,waiting
8,111,805,526.8,69,919,987,3,waiting
8,113,946.5,531.5,2279,0,2278,1,waiting
8,114,947.2,529.5,2194,0,2193,1,waiting
8,115,948,529.5,2172,0,2171,1,waiting
8,115,875.5,531.6,337,2190,2526,2,targOff
8,116,946.2,533.6,288,0,287,1,waiting
8,116,943.7,531.8,849,397,1245,2,waiting
8,117,946.7,527.4,363,0,362,1,waiting
8,117,926.3,525.1,63,373,435,2,waiting
8,117,945.3,528.1,1749,447,2195,3,waiting
8,118,942.7,532.8,2110,0,2109,1,waiting
8,119,947.7,535.3,2193,0,2192,1,waiting
8,120,944.7,537.5,2197,0,2196,1,waiting
8,121,949.4,534.5,2081,0,2080,1,waiting
8,121,1020.3,532.1,274,2098,2371,2,targOff
8,122,945.9,538,2070,0,2069,1,waiting
8,123,947.1,524.8,772,0,771,1,waiting
8,123,890.7,524.2,103,786,888,2,waiting
8,123,928.3,531.5,151,903,1053,3,waiting
8,123,948,531.1,1213,1062,2274,4,waiting
8,124,943.9,541.8,2459,0,2458,1,waiting
8,125,944.6,544.9,1970,0,1969,1,waiting
8,126,948.5,535.4,1629,0,1628,1,waiting
8,126,1035.6,537.8,340,1648,1987,2,targOff
8,127,945.2,542.2,2339,0,2338,1,waiting
8,128,946.5,534.8,750,0,749,1,waiting
8,128,828.2,531.6,244,769,1012,2,waiting
8,128,800.1,532.8,471,1022,1492,3,waiting
8,129,944,539,2363,0,2362,1,waiting
8,130,945.1,540.7,2527,0,2526,1,waiting
8,131,948.7,542.3,1313,0,1312,1,waiting
8,131,870.4,536.7,151,1329,1479,2,dotOff
8,131,795.1,542.2,615,1497,2111,3,dotOff
8,131,982.3,534.6,48,2145,2192,4,targOff
8,132,941.3,543.7,2280,0,2279,1,waiting
8,133,944.4,537,921,0,920,1,waiting
8,133,826.9,541.5,155,942,1096,2,waiting
8,133,797.7,540.9,135,1108,1242,3,waiting
8,134,885,538.5,296,0,295,1,waiting
8,134,1076.2,-5.7,113,614,726,2,waiting
8,135,979.6,529.7,167,0,166,1,waiting
8,135,956.2,537.3,80,174,253,2,waiting
8,135,940.4,538.1,870,429,1298,3,waiting
8,136,951.4,540.9,1226,0,1225,1,waiting
8,136,942.6,541.5,769,1233,2001,2,dotOff
8,136,952.5,536.5,201,2010,2210,3,targOff
8,137,939.6,530.9,1308,0,1307,1,waiting
8,137,941.6,538.4,877,1315,2191,2,dotOff
8,138,939.4,534.8,2127,0,2126,1,waiting
8,138,1036.3,525.4,288,2147,2434,2,targOff
8,139,948.3,547.1,1102,0,1101,1,waiting
8,139,1047.5,542.7,267,1123,1389,2,waiting
8,139,957.3,545.4,1119,1410,2528,3,waiting
8,140,951.5,539.7,2126,0,2125,1,waiting
8,141,954,545.5,2359,0,2358,1,waiting
8,142,951.7,545.5,1873,0,1872,1,waiting
8,143,952.7,538.2,2292,0,2291,1,waiting
8,144,947.8,541.7,2039,0,2038,1,waiting
8,144,865.9,538.1,234,2058,2291,2,targOff
8,145,957.7,529.5,1181,0,1180,1,waiting
8,145,825.1,523.4,763,1202,1964,2,dotOff
8,146,959.3,528.1,1585,0,1584,1,waiting
8,146,1087.4,528.7,345,1607,1951,2,targOff
8,147,956.1,531.7,181,0,180,1,waiting
8,147,955.7,523.9,707,351,1057,2,waiting
8,148,960.2,525.2,1888,0,1887,1,waiting
8,148,845.4,525.2,380,1908,2287,2,targOff
8,149,960.3,528.3,1730,0,1729,1,waiting
8,149,1102,525.7,226,1755,1980,2,targOff
8,150,962.9,528.4,1644,0,1643,1,waiting
8,150,819.3,526.9,1371,1668,3038,2,dotOff
8,150,814.5,529.8,773,3045,3817,3,dotOff
8,151,962,528.3,1536,0,1535,1,waiting
8,151,1081,530.3,234,1560,1793,2,dotOff
8,151,1119,531.4,593,1807,2399,3,targVis
8,152,960,522.3,529,0,528,1,waiting
8,152,960.2,523.1,512,702,1213,2,waiting
8,153,957.2,522.9,1542,0,1541,1,waiting
8,153,837.6,521,192,1563,1754,2,dotOff
8,153,811,527.3,588,1764,2351,3,targVis
8,154,957.6,525.4,2013,0,2012,1,waiting
8,154,1111.8,520.3,343,2042,2384,2,targOff
8,155,958.8,523,1585,0,1584,1,waiting
8,155,1088.8,526.4,861,1607,2467,2,dotOff
8,156,961,522.9,1748,0,1747,1,waiting
8,156,806.6,526.8,363,1772,2134,2,targOff
8,157,955.8,528.9,1499,0,1498,1,waiting
8,157,816.7,529.3,585,1520,2104,2,targVis
8,158,961.4,527.7,1535,0,1534,1,waiting
8,158,1105.7,527.7,812,1559,2370,2,dotOff
8,158,1032,524.3,116,2388,2503,3,targOff
8,159,962,527.8,1351,0,1350,1,waiting
8,159,1092.2,522.8,207,1375,1581,2,dotOff
8,159,1112.7,524,611,1590,2200,3,targVis
8,160,955.2,523.7,1462,0,1461,1,waiting
8,160,819,527,800,1484,2283,2,dotOff
8,161,958.2,526.1,1647,0,1646,1,waiting
8,161,840.6,524,261,1668,1928,2,targOff
8,161,810.2,523.9,62,1938,1999,3,targOff
8,162,960.6,527.5,1897,0,1896,1,waiting
8,162,1106.7,518.3,383,1921,2303,2,targOff
8,163,963.3,523.6,1793,0,1792,1,waiting
8,163,848.1,523.5,355,1814,2168,2,dotOff
8,163,815.8,530.7,439,2179,2617,3,targOff
8,164,959.6,525.4,1504,0,1503,1,waiting
8,164,829.2,522.5,419,1527,1945,2,targOff
8,165,961.1,525.4,1626,0,1625,1,waiting
8,165,816.2,534.1,330,1648,1977,2,targOff
8,166,957.6,525.6,1614,0,1613,1,waiting
8,166,843.1,524.1,260,1634,1893,2,dotOff
8,166,807.6,527.1,534,1905,2438,3,dotOff
8,166,883.7,523.6,79,2456,2534,4,targOff
8,167,958.3,528.5,1733,0,1732,1,waiting
8,167,1079.8,526.6,133,1755,1887,2,dotOff
8,167,1112.2,527.4,724,1898,2621,3,dotOff
8,168,955.6,528.5,1244,0,1243,1,waiting
8,168,1090.5,524.6,148,1267,1414,2,dotOff
8,168,1115.6,526.4,664,1425,2088,3,dotOff
8,169,960.6,524.3,1697,0,1696,1,waiting
8,169,1108.4,521.8,392,1721,2112,2,targOff
8,170,960.1,525,1330,0,1329,1,waiting
8,170,819.4,530.7,686,1354,2039,2,dotOff
8,170,789.8,532.7,167,2051,2217,3,targOff
8,171,962.8,524.7,1696,0,1695,1,waiting
8,171,851.9,519.2,327,1718,2044,2,dotOff
8,171,814.8,524.5,394,2057,2450,3,targOff
8,172,963,526.3,1538,0,1537,1,waiting
8,172,1094.4,526.2,724,1561,2284,2,dotOff
8,173,960.1,527.6,2021,0,2020,1,waiting
8,173,1079.1,529.4,347,2042,2388,2,targOff
8,174,957.9,529.4,2113,0,2112,1,waiting
8,174,820.9,523,337,2134,2470,2,targOff
8,175,958.8,522,1722,0,1721,1,waiting
8,175,1100.6,527.2,705,1746,2450,2,dotOff
8,176,958.6,527.7,858,0,857,1,waiting
8,176,955.5,532.7,120,964,1083,2,waiting
8,177,958.5,528.6,1094,0,1093,1,waiting
8,177,970.6,524.8,610,1102,1711,2,dotOff
8,177,1104.8,532.5,312,1742,2053,3,targOff
8,178,962.3,522.4,1827,0,1826,1,waiting
8,178,825.7,531.6,685,1850,2534,2,dotOff
8,179,963.6,529.1,2112,0,2111,1,waiting
8,179,1092.1,530.8,271,2135,2405,2,targOff
8,179,1122.7,520.7,52,2416,2467,3,targOff
8,180,966,529.8,650,0,649,1,waiting
8,180,927.6,529.7,211,818,1028,2,waiting
8,180,822.5,520.9,213,1050,1262,3,waiting
8,180,803.4,524.5,148,1270,1417,4,waiting
8,181,967.1,536.3,187,0,186,1,waiting
8,181,958.2,532.9,1933,195,2127,2,waiting
8,182,962.6,523.2,2126,0,2125,1,waiting
8,183,959.1,531,2125,0,2124,1,waiting
8,184,958,528.1,2475,0,2474,1,waiting
8,185,954.7,525.8,725,0,724,1,waiting
8,185,965.2,530.3,286,874,1159,2,waiting
8,186,954,533.9,2129,0,2128,1,waiting
8,187,959.9,519.8,957,0,956,1,waiting
8,187,1107,525.1,264,981,1244,2,waiting
8,188,959,525.8,1152,0,1151,1,waiting
8,188,1101.2,518.7,1027,1176,2202,2,waiting
8,188,991.7,512.9,55,2224,2278,3,targOff
8,189,965.4,521.3,2529,0,2528,1,waiting
8,190,958.4,518,2209,0,2208,1,waiting
8,191,963.8,522.1,2211,0,2210,1,waiting
8,191,1001.6,524,55,2221,2275,2,targOff
8,192,958,524.6,2192,0,2191,1,waiting
8,193,953.6,527.5,2026,0,2025,1,waiting
8,194,956.5,530.2,2125,0,2124,1,waiting
8,195,957.9,528.6,2359,0,2358,1,waiting
8,196,954,528.1,366,0,365,1,waiting
8,196,945.3,525.2,320,532,851,2,waiting
8,196,966.4,515.9,65,861,925,3,waiting
8,196,920.4,523.7,43,939,981,4,waiting
8,196,958.3,527.4,498,995,1492,5,waiting
8,197,951.4,587.2,88,0,87,1,waiting
8,197,985.3,501.8,231,117,347,2,waiting
8,198,911.1,572.9,76,0,75,1,waiting
8,198,960.2,521.9,1772,97,1868,2,waiting
8,199,957,527.2,2360,0,2359,1,waiting
8,200,953.3,525.2,2292,0,2291,1,waiting
8,201,955.3,528,2526,0,2525,1,waiting
8,202,960.4,522.4,1916,0,1915,1,waiting
8,203,954.2,535.2,2368,0,2367,1,waiting
8,203,975.2,526,148,2379,2526,2,targOff
8,204,954.6,528.1,2090,0,2089,1,waiting
8,204,903,528.2,272,2104,2375,2,targOff
8,205,949,530.3,796,0,795,1,waiting
8,205,946.8,528.7,227,932,1158,2,waiting
8,206,957,531.5,2287,0,2286,1,waiting
8,206,967.8,523.4,66,2296,2361,2,targOff
8,207,966.4,528.7,664,0,663,1,waiting
8,207,954.5,523.2,358,811,1168,2,waiting
8,208,957.4,533.4,2280,0,2279,1,waiting
8,209,959.7,530.6,2316,0,2315,1,waiting
8,209,1011.5,524.4,128,2330,2457,2,targOff
8,210,958.9,526.8,1905,0,1904,1,waiting
8,210,1013.1,521.4,206,1920,2125,2,targOff
8,211,951.7,527.7,2308,0,2307,1,waiting
8,212,958.7,522.2,2129,0,2128,1,waiting
8,213,955.3,521.8,2108,0,2107,1,waiting
8,213,1030.3,526.1,166,2125,2290,2,targOff
8,214,954.7,526.4,2193,0,2192,1,waiting
8,215,957.2,526.8,2360,0,2359,1,waiting
8,216,957.3,530.4,2319,0,2318,1,waiting
8,217,961,533.7,1073,0,1072,1,waiting
8,217,1077.4,526.6,134,1101,1234,2,dotOff
8,217,1108.3,528.4,616,1245,1860,3,targVis
8,218,965.6,525.7,1334,0,1333,1,waiting
8,218,831.4,523.7,651,1357,2007,2,waiting
8,218,810.2,522.1,369,2016,2384,3,targOff
8,219,959,526.7,2016,0,2015,1,waiting
8,219,1097.4,523,427,2041,2467,2,targOff
8,220,957.2,529.2,1458,0,1457,1,waiting
8,220,1092.7,526.8,260,1485,1744,2,targOff
8,220,1125,524,134,1756,1889,3,targOff
8,221,958.2,525.4,1428,0,1427,1,waiting
8,221,843.6,520,224,1451,1674,2,dotOff
8,221,816.7,525.8,2032,1685,3716,3,dotOff
8,222,957.6,518.2,1358,0,1357,1,waiting
8,222,971.1,521.5,80,1365,1444,2,dotOff
8,222,941.6,517,58,1455,1512,3,dotOff
8,222,969.2,515.6,173,1523,1695,4,dotOff
8,222,830.8,529,388,1717,2104,5,dotOff
8,222,810.9,527.2,336,2112,2447,6,targOff
8,223,960.3,524.7,1655,0,1654,1,waiting
8,223,820.9,526.3,689,1678,2366,2,dotOff
8,224,957.1,530.7,1851,0,1850,1,waiting
8,224,1098.6,522.5,381,1873,2253,2,targOff
8,225,959.2,527.2,1282,0,1281,1,waiting
8,225,1067,521,186,1306,1491,2,waiting
8,225,1103.7,526.4,743,1503,2245,3,dotOff
8,225,1044.8,525.9,108,2260,2367,4,targOff
8,226,945.7,530.8,411,0,410,1,waiting
8,226,950.1,531.6,936,569,1504,2,waiting
8,227,956.6,531.6,1612,0,1611,1,waiting
8,227,832.7,535.2,217,1633,1849,2,dotOff
8,227,813.4,540,438,1857,2294,3,targOff
8,227,888.5,537.4,58,2313,2370,4,targOff
8,228,957.1,523.9,479,0,478,1,waiting
8,228,956.6,528.9,678,656,1333,2,waiting
8,229,949.7,534.2,2220,0,2219,1,waiting
8,230,954.4,532.9,2206,0,2205,1,waiting
8,230,1026.2,524.5,165,2224,2388,2,targOff
8,231,947.8,532.6,1710,0,1709,1,waiting
8,231,1097.8,527.5,350,1736,2085,2,targOff
8,232,948.7,528.7,1116,0,1115,1,waiting
8,232,1095.8,525.5,766,1147,1912,2,dotOff
8,233,948.3,531.3,1767,0,1766,1,waiting
8,233,1086.4,523.6,418,1792,2209,2,targOff
8,234,948.2,529.3,1042,0,1041,1,waiting
8,234,1068.6,526.5,215,1063,1277,2,dotOff
8,234,1103.9,528.9,630,1289,1918,3,dotOff
8,235,947,534,1682,0,1681,1,waiting
8,235,1093.2,526.3,370,1709,2078,2,targOff
8,236,944.3,526.7,1426,0,1425,1,waiting
8,236,811.3,526,521,1448,1968,2,dotOff
8,236,870,529,215,1986,2200,3,targOff
8,237,943.3,530.6,1598,0,1597,1,waiting
8,237,815.3,526.9,425,1621,2045,2,targOff
8,238,943.6,521.9,381,0,380,1,waiting
8,238,947.7,529,1140,391,1530,2,waiting
8,238,1096.1,529.5,855,1556,2410,3,dotOff
8,239,946.9,530.3,1617,0,1616,1,waiting
8,239,1068.1,528.3,141,1640,1780,2,dotOff
8,239,1107.8,530.2,570,1798,2367,3,targOff
8,240,949.5,522.7,1450,0,1449,1,waiting
8,240,815.6,527,380,1471,1850,2,targOff
8,241,949.9,533.9,1588,0,1587,1,waiting
8,241,1108.1,531.7,721,1622,2342,2,dotOff
8,242,953.6,529.5,1864,0,1863,1,waiting
8,242,1079.1,520,251,1885,2135,2,targOff
8,243,947.1,530.9,578,0,577,1,waiting
8,243,844,530.1,277,599,875,2,waiting
8,243,812.1,532.1,202,886,1087,3,waiting
8,244,942.2,535,629,0,628,1,waiting
8,244,949.3,533.3,1667,637,2303,2,waiting
8,245,951.2,535.7,244,0,243,1,waiting
8,245,931.5,537.8,322,388,709,2,waiting
8,245,948.4,532.7,220,719,938,3,waiting
8,246,947.5,528.8,1954,0,1953,1,waiting
8,246,1098.2,522.6,408,1981,2388,2,targOff
8,247,961.3,528.1,598,0,597,1,waiting
8,247,956.8,531.1,593,741,1333,2,waiting
8,248,946.3,526.1,1802,0,1801,1,waiting
8,248,1075.6,514.6,160,1825,1984,2,dotOff
8,248,1096,520.7,542,1994,2535,3,targOff
8,249,945.9,528.6,1887,0,1886,1,waiting
8,249,1069,533.3,256,1909,2164,2,targOff
8,249,1102.2,530.1,108,2177,2284,3,targOff
8,250,945,527,1779,0,1778,1,waiting
8,250,822.9,523.9,201,1800,2000,2,dotOff
8,250,799.2,528.7,525,2010,2534,3,targOff
8,251,951.3,520.4,1625,0,1624,1,waiting
8,251,1084.8,517.2,318,1650,1967,2,targOff
8,252,945.1,530.6,1926,0,1925,1,waiting
8,252,1088.6,526.7,273,1947,2219,2,targOff
8,253,951.7,544.6,1978,0,1977,1,waiting
8,254,956.2,537.1,528,0,527,1,waiting
8,254,882.4,533.9,136,545,680,2,waiting
8,254,949.1,535.4,1414,696,2109,3,waiting
8,255,955.7,533.2,2276,0,2275,1,waiting
8,256,958.8,532.9,2126,0,2125,1,waiting
8,257,952.6,540.3,2127,0,2126,1,waiting
8,258,952.2,538.1,2126,0,2125,1,waiting
8,259,959.1,537.3,2376,0,2375,1,waiting
8,260,950,530.7,1515,0,1514,1,waiting
8,260,1031.6,531.5,680,1532,2211,2,dotOff
8,260,1083.4,535.2,216,2227,2442,3,targOff
8,261,949.1,543.7,2113,0,2112,1,waiting
8,262,952.9,537.3,2169,0,2168,1,waiting
8,262,1000.6,531,44,2182,2225,2,targOff
8,263,945.6,549.5,2376,0,2375,1,waiting
8,264,944.2,539.8,2125,0,2124,1,waiting
8,265,953.9,537.9,59,0,58,1,waiting
8,265,889.9,537.4,44,74,117,2,waiting
8,265,946.3,538.8,1927,137,2063,3,waiting
8,266,946.7,539.7,1370,0,1369,1,waiting
8,266,1094.7,546.8,585,1395,1979,2,dotOff
8,266,1000.2,544.4,185,1998,2182,3,targOff
8,267,941.4,544.5,1090,0,1089,1,waiting
8,267,1074.6,546.2,399,1114,1512,2,waiting
8,268,949.8,543,367,0,366,1,waiting
8,268,940.7,547,650,511,1160,2,waiting
8,269,943.8,545.8,310,0,309,1,waiting
8,269,939.9,544.3,958,454,1411,2,waiting
8,270,943.5,547.9,2277,0,2276,1,waiting
8,271,955.2,560,453,0,452,1,waiting
8,271,924.5,548.1,157,463,619,2,waiting
8,271,943.1,548.6,1581,627,2207,3,waiting
8,272,951.4,549.8,332,0,331,1,waiting
8,272,945.4,550,851,475,1325,2,waiting
8,273,937.7,547.1,2360,0,2359,1,waiting
8,274,940.5,548,2223,0,2222,1,waiting
8,275,941.1,544.5,827,0,826,1,waiting
8,275,934.9,550.5,191,969,1159,2,waiting
8,276,941.5,545.9,2029,0,2028,1,waiting
8,277,945.2,544.6,2275,0,2274,1,waiting
8,278,941.7,542.2,2473,0,2472,1,waiting
8,279,946,543.3,2209,0,2208,1,waiting
8,280,942.7,544.5,2110,0,2109,1,waiting
8,281,942.5,544.6,2192,0,2191,1,waiting
8,282,945.8,548.3,2042,0,2041,1,waiting
8,283,941.4,543.6,2210,0,2209,1,waiting
8,284,942,536.6,501,0,500,1,waiting
8,284,964.4,534.9,59,510,568,2,waiting
8,284,927.4,536.7,53,580,632,3,waiting
8,284,975,539.1,256,648,903,4,waiting
8,284,1101.4,548.6,844,926,1769,5,dotOff
8,284,934,561.4,52,1800,1851,6,targOff
8,285,948.2,535.6,684,0,683,1,waiting
8,285,1083.2,541.9,389,706,1094,2,waiting
8,286,943,536.4,587,0,586,1,waiting
8,286,1071.2,540.3,165,610,774,2,waiting
8,286,1096.1,537.4,316,785,1100,3,waiting
8,286,948.5,536.9,37,1125,1161,4,waiting
8,288,943.6,531.1,1959,0,1958,1,waiting
8,289,943,543.5,1606,0,1605,1,waiting
8,289,801.9,535.4,416,1628,2043,2,targOff
8,290,954.8,532.2,1508,0,1507,1,waiting
8,290,806.5,540.4,2147,1530,3676,2,dotOff
8,291,952.7,528,460,0,459,1,waiting
8,291,944.6,682.6,161,590,750,2,waiting
8,291,955.5,526,409,780,1188,3,waiting
8,293,941.2,533.6,580,0,579,1,waiting
8,293,842.4,539,135,599,733,2,waiting
8,293,946.1,530,775,753,1527,3,waiting
8,293,809.3,534.2,425,1554,1978,4,dotOff
8,293,801.6,538.9,1801,1987,3787,5,dotOff
8,294,950.1,532.4,1612,0,1611,1,waiting
8,294,1091.1,530.5,302,1637,1938,2,dotOff
8,294,1105.8,527.6,602,1949,2550,3,targVis
8,295,942.5,531.9,1290,0,1289,1,waiting
8,295,1086.9,526.5,844,1314,2157,2,dotOff
8,296,943.4,531.9,1728,0,1727,1,waiting
8,296,803.5,534.6,784,1750,2533,2,dotOff
8,297,942.5,534.7,1673,0,1672,1,waiting
8,297,799.3,544.6,716,1692,2407,2,dotOff
8,297,850.5,541.5,128,2422,2549,3,targOff
8,298,948.1,537.8,1442,0,1441,1,waiting
8,298,815.7,536.6,194,1466,1659,2,dotOff
8,298,797.5,539.8,621,1667,2287,3,targVis
8,299,949.7,535.6,1764,0,1763,1,waiting
8,299,802.5,546.4,748,1786,2533,2,dotOff
8,300,938,533.9,481,0,480,1,waiting
8,300,949.6,524.8,1280,489,1768,2,waiting
8,300,1044.6,526,199,1790,1988,3,targOff
8,301,947.7,538,1395,0,1394,1,waiting
8,301,1085.7,541.9,599,1419,2017,2,dotOff
8,301,1108.5,533.8,142,2027,2168,3,targOff
8,302,948.7,533,2034,0,2033,1,waiting
8,303,939.9,538.1,895,0,894,1,waiting
8,303,935.6,528.8,120,902,1021,2,dotOff
8,303,947.3,533,389,1030,1418,3,dotOff
8,303,869.5,528.1,150,1437,1586,4,targOff
8,303,787.2,534.1,205,1606,1810,5,targOff
8,304,960.1,531,148,0,147,1,waiting
8,304,943.8,536.8,1841,156,1996,2,waiting
8,304,1093,529,345,2019,2363,3,targOff
8,305,946.4,533.3,1679,0,1678,1,waiting
8,305,1060.9,522.8,227,1701,1927,2,targOff
8,306,940.9,537.6,1641,0,1640,1,waiting
8,306,878.3,528.7,215,1656,1870,2,dotOff
8,306,822.2,530.2,503,1885,2387,3,targOff
8,307,944.7,537.2,2291,0,2290,1,waiting
8,308,946.6,566.5,586,0,585,1,waiting
8,308,986.7,575.9,58,598,655,2,waiting
8,308,941.5,565.4,927,668,1594,3,waiting
8,308,1095.1,548.4,354,1626,1979,4,targOff
8,309,958,542.7,336,0,335,1,waiting
8,309,932.9,539.5,658,343,1000,2,waiting
8,309,1089.6,537.1,1108,1024,2131,3,waiting
8,310,938.9,547.2,1395,0,1394,1,waiting
8,310,800.1,544,705,1417,2121,2,dotOff
8,311,944.8,536.1,1344,0,1343,1,waiting
8,311,1084.5,537.8,748,1369,2116,2,dotOff
8,312,938.7,545.5,1538,0,1537,1,waiting
8,312,1088.5,533.6,681,1562,2242,2,dotOff
8,313,940.3,548.1,1618,0,1617,1,waiting
8,313,1055.8,536.8,204,1640,1843,2,targOff
8,313,1089,536.3,190,1855,2044,3,targOff
8,314,948.4,546.3,587,0,586,1,waiting
8,314,937.8,553,801,705,1505,2,waiting
8,315,935.8,541.8,1703,0,1702,1,waiting
8,315,788,540.2,309,1726,2034,2,targOff
8,316,947.4,547,841,0,840,1,waiting
8,316,943.5,548,803,912,1714,2,waiting
8,316,1094.1,546,707,1745,2451,3,dotOff
8,317,941.7,547.9,2062,0,2061,1,waiting
8,317,822.7,544,381,2084,2464,2,targOff
8,318,940.2,539.1,1418,0,1417,1,waiting
8,318,811.2,544.3,552,1441,1992,2,dotOff
8,318,865.2,548.8,169,2007,2175,3,targOff
8,319,942.6,547.6,2440,0,2439,1,waiting
8,320,958.8,565.6,745,0,744,1,waiting
8,320,829,560.7,320,769,1088,2,waiting
8,320,802.8,554.7,74,1096,1169,3,waiting
8,321,942,556.6,1785,0,1784,1,waiting
8,321,798.7,545.6,643,1808,2450,2,dotOff
8,321,859.2,544.3,71,2467,2537,3,targOff
8,322,942.6,546.7,1729,0,1728,1,waiting
8,322,805.2,546,338,1753,2090,2,targOff
8,323,945.9,541.3,1594,0,1593,1,waiting
8,323,1067.9,541.6,153,1617,1769,2,dotOff
8,323,1104.9,543.6,546,1784,2329,3,targOff
8,324,940.7,548,2238,0,2237,1,waiting
8,324,889.3,539.9,47,2253,2299,2,targOff
8,325,961.1,540.2,2062,0,2061,1,waiting
8,326,953.9,532.5,559,0,558,1,waiting
8,326,865.4,532,149,579,727,2,waiting
8,326,962.7,530.6,1196,748,1943,3,waiting
8,327,968.4,532.1,2110,0,2109,1,waiting
8,328,950.4,537.7,683,0,682,1,waiting
8,328,825.4,534.2,277,704,980,2,waiting
8,328,972.5,531.3,69,1007,1075,3,waiting
8,329,892.6,572.2,136,0,135,1,waiting
8,329,966.2,539.1,608,155,762,2,waiting
8,330,957.3,536.3,2212,0,2211,1,waiting
8,331,960.9,534.4,622,0,621,1,waiting
8,331,944.1,534.3,49,630,678,2,waiting
8,331,965.7,539,1522,688,2209,3,waiting
8,332,953.6,536.8,2263,0,2262,1,waiting
8,332,975.7,533.1,88,2272,2359,2,targOff
8,333,954.5,534.9,2375,0,2374,1,waiting
8,334,958.8,535.5,2142,0,2141,1,waiting
8,334,1003.9,532.9,57,2154,2210,2,targOff
8,334,973.1,543.1,74,2218,2291,3,targOff
8,335,947.4,539,2209,0,2208,1,waiting
8,336,951.8,535.8,2126,0,2125,1,waiting
8,337,948.6,537.7,2291,0,2290,1,waiting
8,338,950.8,538,2075,0,2074,1,waiting
8,339,953.2,534.2,1801,0,1800,1,waiting
8,340,952.5,538.3,1883,0,1882,1,waiting
8,340,996,536.2,227,1896,2122,2,targOff
8,341,949.4,542.8,1917,0,1916,1,waiting
8,341,1026.8,538.2,110,1932,2041,2,targOff
8,342,949.8,537.9,2126,0,2125,1,waiting
8,343,950.9,536,2224,0,2223,1,waiting
8,344,951.5,531.7,2125,0,2124,1,waiting
8,345,946.1,540.8,2224,0,2223,1,waiting
8,346,953.9,539.1,2142,0,2141,1,waiting
8,347,950.5,543.4,2390,0,2389,1,waiting
8,348,950.9,539.7,2223,0,2222,1,waiting
8,349,951.2,533,2075,0,2074,1,waiting
8,350,947.2,530.7,2293,0,2292,1,waiting
8,351,950.5,534.2,1780,0,1779,1,waiting
8,351,957.1,526.4,582,1790,2371,2,targVis
8,352,948.7,533.2,1050,0,1049,1,waiting
8,352,801.9,537.6,946,1073,2018,2,dotOff
8,353,920.4,526.8,184,0,183,1,waiting
8,353,965.9,531,270,199,468,2,waiting
8,353,819.5,543,130,492,621,3,waiting
8,354,955.7,534.9,2053,0,2052,1,waiting
8,355,958.2,525.5,1260,0,1259,1,waiting
8,355,1074,531.4,153,1282,1434,2,dotOff
8,355,1107.1,533.8,554,1447,2000,3,dotOff
8,355,984.2,528.6,123,2020,2142,4,targOff
8,356,955.1,532.7,1796,0,1795,1,waiting
8,357,956.6,529.5,2309,0,2308,1,waiting
8,357,1040.3,529.7,47,2326,2372,2,targOff
8,358,961.4,530.1,853,0,852,1,waiting
8,358,952.6,529.9,457,970,1426,2,waiting
8,359,951.9,536,958,0,957,1,waiting
8,359,1089.6,530.1,223,982,1204,2,waiting
8,359,1112.9,527.9,218,1212,1429,3,waiting
8,359,933,532,38,1460,1497,4,waiting
8,360,948.7,533.3,591,0,590,1,waiting
8,360,833,533.7,229,612,840,2,waiting
8,360,804.8,534,170,851,1020,3,waiting
8,360,913.4,534.3,119,1044,1162,4,waiting
8,361,932.8,535.2,144,0,143,1,waiting
8,361,952.5,541,1472,153,1624,2,waiting
8,361,819.5,534.1,404,1646,2049,3,targOff
8,362,953,531.2,1668,0,1667,1,waiting
8,362,836.4,531,412,1689,2100,2,dotOff
8,362,807.6,535.2,1676,2108,3783,3,dotOff
8,362,863.3,525.9,44,3801,3844,4,targOff
8,363,957.5,526.6,1366,0,1365,1,waiting
8,363,808.3,529.7,2082,1394,3475,2,dotOff
8,363,861.6,528.7,126,3491,3616,3,targOff
8,364,953.1,535.6,1512,0,1511,1,waiting
8,364,1064.8,531.6,135,1533,1667,2,dotOff
8,364,1106.7,532.5,1886,1680,3565,3,dotOff
8,364,1052,530.2,206,3582,3787,4,targOff
8,365,966.8,531.3,126,0,125,1,waiting
8,365,951.6,532.1,1420,134,1553,2,waiting
8,365,1095.4,528.1,300,1576,1875,3,dotOff
8,365,1109.4,526.7,1943,1883,3825,4,dotOff
8,366,955.9,531,1221,0,1220,1,waiting
8,366,957.2,528.4,460,1229,1688,2,waiting
8,366,810.8,530.7,824,1711,2534,3,dotOff
8,367,954,529.9,705,0,704,1,waiting
8,367,951.6,533.1,249,835,1083,2,waiting
8,368,951.1,533.2,1060,0,1059,1,waiting
8,369,948.8,533.7,1681,0,1680,1,waiting
8,369,1089.1,529.1,908,1712,2619,2,dotOff
8,370,954,530.8,1156,0,1155,1,waiting
8,370,1095.9,526.7,744,1182,1925,2,dotOff
8,371,952.6,532.2,1702,0,1701,1,waiting
8,371,830.6,529.4,145,1725,1869,2,dotOff
8,371,800.6,533.6,656,1879,2534,3,dotOff
8,372,952.9,527.5,1410,0,1409,1,waiting
8,372,1088.3,524.6,739,1432,2170,2,dotOff
8,373,950.3,535.9,1340,0,1339,1,waiting
8,373,805.2,536.4,740,1364,2103,2,dotOff
8,374,955.5,532.8,1146,0,1145,1,waiting
8,374,1093.1,534.6,1116,1169,2284,2,waiting
8,375,960.9,536.6,366,0,365,1,waiting
8,375,945.5,537.8,768,487,1254,2,waiting
8,376,947.8,535.3,1356,0,1355,1,waiting
8,376,824,531.7,193,1377,1569,2,dotOff
8,376,803.7,533,544,1577,2120,3,targOff
8,377,954.8,537,1525,0,1524,1,waiting
8,377,1074.7,529.1,154,1546,1699,2,dotOff
8,377,1105.8,531.8,574,1710,2283,3,targOff
8,378,950.4,532,1861,0,1860,1,waiting
8,378,803.6,534.5,269,1886,2154,2,targOff
8,379,953,534.7,1394,0,1393,1,waiting
8,379,805.6,540.2,745,1419,2163,2,dotOff
8,380,951.7,531.8,1679,0,1678,1,waiting
8,380,839.6,534.7,434,1699,2132,2,targOff
8,381,951.3,531.2,2015,0,2014,1,waiting
8,381,1092.7,532,270,2038,2307,2,targOff
8,382,955.7,534.2,1444,0,1443,1,waiting
8,382,1097,530.1,732,1469,2200,2,dotOff
8,383,953.4,534.5,1844,0,1843,1,waiting
8,383,1109,532,349,1869,2217,2,targOff
8,384,952.8,536.3,789,0,788,1,waiting
8,384,947,532.2,386,948,1333,2,waiting
8,385,944,528.6,564,0,563,1,waiting
8,385,949.5,528.4,632,706,1337,2,waiting
8,386,950.8,533.6,1402,0,1401,1,waiting
8,386,1076.9,532.6,711,1427,2137,2,dotOff
8,387,949.2,537.1,1294,0,1293,1,waiting
8,387,818.8,532.4,213,1316,1528,2,dotOff
8,387,798.2,534.8,433,1536,1968,3,targOff
8,388,956,527.7,1675,0,1674,1,waiting
8,388,1060.7,524.5,367,1693,2059,2,dotOff
8,388,1105.6,528,379,2073,2451,3,targOff
8,389,960.4,521.6,1115,0,1114,1,waiting
8,389,926.5,523.2,68,1125,1192,2,waiting
8,389,953.8,532.8,1097,1203,2299,3,waiting
8,390,954.6,532.9,2387,0,2386,1,waiting
8,391,955.6,531,1825,0,1824,1,waiting
8,391,840.7,530.3,375,1845,2219,2,targOff
8,392,951.1,531.9,1897,0,1896,1,waiting
8,392,818.1,532,387,1918,2304,2,targOff
8,393,958,531.3,1867,0,1866,1,waiting
8,393,1086.8,531.5,96,1890,1985,2,targOff
8,393,1109.8,530.2,303,1998,2300,3,targOff
8,394,955,530.3,1492,0,1491,1,waiting
8,394,830.9,535.3,689,1511,2199,2,dotOff
8,395,948.3,532.7,1657,0,1656,1,waiting
8,395,841.4,535.8,334,1677,2010,2,targOff
8,395,813.5,533.9,32,2019,2050,3,targOff
8,396,949.7,534.1,1742,0,1741,1,waiting
8,396,1095.6,530.9,365,1773,2137,2,targOff
8,397,945.1,529.4,289,0,288,1,waiting
8,397,873.8,539.1,86,307,392,2,waiting
8,397,911,541.2,142,404,545,3,waiting
8,397,948.7,538.3,1660,553,2212,4,waiting
8,398,954,530.5,2089,0,2088,1,waiting
8,399,955.6,529.8,479,0,478,1,waiting
8,399,952,531.6,880,629,1508,2,waiting
8,400,952.9,539.3,2196,0,2195,1,waiting
8,401,954.9,538.5,2225,0,2224,1,waiting
8,402,952.8,541.5,2476,0,2475,1,waiting
8,403,951.3,541.4,2409,0,2408,1,waiting
8,404,953.4,536.5,2375,0,2374,1,waiting
8,405,953.9,536.7,2276,0,2275,1,waiting
8,406,954.1,542.7,2413,0,2412,1,waiting
8,406,1022.4,533.8,130,2429,2558,2,targOff
8,407,954.5,536.3,2326,0,2325,1,waiting
8,408,956.8,538.9,876,0,875,1,waiting
8,408,969.2,533.4,249,883,1131,2,waiting
8,408,1105,538.6,271,1154,1424,3,waiting
8,409,949.2,543.2,2543,0,2542,1,waiting
8,410,953.2,534.7,2290,0,2289,1,waiting
8,411,954.7,539.6,2458,0,2457,1,waiting
8,412,961.1,550.5,164,0,163,1,waiting
8,412,953,541.1,2184,171,2354,2,waiting
8,413,965,542.6,443,0,442,1,waiting
8,413,955.8,541.3,697,562,1258,2,waiting
8,414,951.7,543.7,1160,0,1159,1,waiting
8,414,971.1,536.8,50,1169,1218,2,waiting
8,414,954.4,543.7,1165,1230,2394,3,waiting
8,415,952.4,542.3,2155,0,2154,1,waiting
8,416,955.8,547.4,560,0,559,1,waiting
8,416,953.7,543.9,631,710,1340,2,waiting
8,417,950.5,541.7,2496,0,2495,1,waiting
8,417,1003.1,532.1,35,2510,2544,2,targOff
8,418,955.2,541.3,2225,0,2224,1,waiting
8,419,951.7,541.7,2293,0,2292,1,waiting
8,420,952.4,543.1,2193,0,2192,1,waiting
8,421,959.4,533.8,571,0,570,1,waiting
8,421,960.3,538.6,326,766,1091,2,waiting
8,422,962.1,538.8,372,0,371,1,waiting
8,422,827.4,537.2,160,395,554,2,waiting
8,422,932.3,533.6,242,573,814,3,waiting
8,424,951,535.2,2529,0,2528,1,waiting
8,425,952.9,535.4,2004,0,2003,1,waiting
8,426,949.4,542.2,383,0,382,1,waiting
8,426,951.3,536.7,1041,467,1507,2,waiting
8,427,948.5,535.4,2377,0,2376,1,waiting
8,428,954.8,531,969,0,968,1,waiting
8,428,1092.4,528.1,177,992,1168,2,waiting
8,428,1111.8,531.2,167,1176,1342,3,dotOff
8,428,955.4,533.5,786,1367,2152,4,dotOff
8,429,955,533.6,2376,0,2375,1,waiting
8,430,953.5,533.8,642,0,641,1,waiting
8,430,954.2,531.5,276,816,1091,2,waiting
8,431,956.5,541.7,2279,0,2278,1,waiting
8,432,952.2,540.6,2476,0,2475,1,waiting
8,433,994.9,540.1,145,0,144,1,waiting
8,433,946,545.9,283,157,439,2,waiting
8,433,820.2,544.5,252,460,711,3,waiting
8,433,942.1,543.2,385,736,1120,4,waiting
8,434,943.3,542.1,1592,0,1591,1,waiting
8,434,810.4,532.1,672,1615,2286,2,dotOff
8,435,953.8,532.4,1992,0,1991,1,waiting
8,435,816.3,530.6,354,2014,2367,2,targOff
8,436,954,533.5,1443,0,1442,1,waiting
8,436,810.2,534.5,2134,1466,3599,2,dotOff
8,436,879.1,527.1,63,3618,3680,3,targOff
8,437,950.1,529.3,1638,0,1637,1,waiting
8,437,1087,524.7,178,1662,1839,2,dotOff
8,437,1112,526.5,654,1850,2503,3,dotOff
8,438,950,529.7,1353,0,1352,1,waiting
8,438,815.8,537.3,759,1376,2134,2,dotOff
8,439,941.4,533,708,0,707,1,waiting
8,439,942,549.1,254,830,1083,2,waiting
8,440,951.9,535.3,1792,0,1791,1,waiting
8,440,1086.7,537.2,323,1814,2136,2,targOff
8,441,949.6,536.6,1579,0,1578,1,waiting
8,441,1059.7,537.4,470,1600,2069,2,dotOff
8,441,1107.1,535.2,388,2083,2470,3,targOff
8,442,953.3,535.8,1896,0,1895,1,waiting
8,442,810.9,537.5,384,1918,2301,2,targOff
8,443,949.2,534.4,1949,0,1948,1,waiting
8,443,832.5,543.2,314,1969,2282,2,targOff
8,444,948.1,538.1,1867,0,1866,1,waiting
8,444,1099.3,536.8,326,1895,2220,2,targOff
8,445,952.5,538.8,1678,0,1677,1,waiting
8,445,805.7,539.2,750,1701,2450,2,dotOff
8,446,951.9,537.7,1900,0,1899,1,waiting
8,446,1103.4,533.1,458,1927,2384,2,targOff
8,447,914.2,535.8,100,0,99,1,waiting
8,447,951.4,536.3,1200,111,1310,2,waiting
8,447,816.5,540,682,1333,2014,3,dotOff
8,448,949.5,532.5,1612,0,1611,1,waiting
8,448,826.2,534.6,427,1633,2059,2,targOff
8,449,951.1,536.8,1506,0,1505,1,waiting
8,449,1095,537.4,770,1530,2299,2,dotOff
8,450,947.3,543.4,1372,0,1371,1,waiting
8,450,810.1,547.6,737,1394,2130,2,dotOff
8,451,947,540.8,1494,0,1493,1,waiting
8,451,813.1,548.3,543,1517,2059,2,targOff
8,451,794.2,538.1,28,2068,2095,3,targOff
8,452,952,545.5,1489,0,1488,1,waiting
8,452,1104.9,533.4,716,1519,2234,2,dotOff
8,453,949.1,538,725,0,724,1,waiting
8,453,956.6,534.9,555,732,1286,2,waiting
8,453,825.2,543.4,518,1309,1826,3,targOff
8,454,949.5,541.8,1783,0,1782,1,waiting
8,454,1055.5,537.6,249,1802,2050,2,targOff
8,455,946.9,544.3,1466,0,1465,1,waiting
8,455,1012.7,533.7,337,1482,1818,2,targOff
8,456,946.3,548.1,1300,0,1299,1,waiting
8,456,1125,542.4,209,1325,1533,2,targOff
8,456,1102.8,541.3,251,1543,1793,3,targOff
8,457,947.3,543.5,1512,0,1511,1,waiting
8,457,1098.5,539.2,769,1537,2305,2,dotOff
8,458,948.2,539,754,0,753,1,waiting
8,458,951.4,542.7,335,923,1257,2,waiting
8,459,945,544.1,1304,0,1303,1,waiting
8,459,805.8,542.3,730,1326,2055,2,dotOff
8,460,945.7,532.4,942,0,941,1,waiting
8,460,906.4,537,148,955,1102,2,waiting
8,460,803.5,545.1,929,1122,2050,3,dotOff
8,461,944.9,535.1,1706,0,1705,1,waiting
8,461,785.2,550.1,326,1725,2050,2,targOff
8,462,844.9,546.7,369,0,368,1,waiting
8,462,953.5,545.4,171,390,560,2,waiting
8,462,852.5,561.8,175,582,756,3,waiting
8,462,814.4,557.2,403,768,1170,4,waiting
8,463,920.7,547.3,222,0,221,1,waiting
8,463,806.1,555.4,935,242,1176,2,waiting
8,464,904,542.6,348,0,347,1,waiting
8,464,946.6,554.2,269,356,624,2,waiting
8,464,986,550.8,53,638,690,3,waiting
8,464,943,552.1,62,704,765,4,waiting
8,464,952.5,546.3,1034,787,1820,5,waiting
8,464,1089.5,547.2,294,1844,2137,6,targOff
8,465,956.3,556,1842,0,1841,1,waiting
8,465,810.7,551.1,370,1865,2234,2,targOff
8,465,858.9,554.2,36,2248,2283,3,targOff
8,466,951.7,558.3,1271,0,1270,1,waiting
8,466,812.3,552.3,518,1294,1811,2,dotOff
8,466,793.2,557.9,399,1819,2217,3,targOff
8,467,950,553.6,1963,0,1962,1,waiting
8,467,829.5,557.4,317,1985,2301,2,targOff
8,468,950.1,553.1,2073,0,2072,1,waiting
8,468,1099.5,547.9,121,2097,2217,2,targOff
8,469,955.8,541.7,2203,0,2202,1,waiting
8,470,955.5,533.2,2407,0,2406,1,waiting
8,471,947.5,529.6,2360,0,2359,1,waiting
8,472,956.6,530.8,2110,0,2109,1,waiting
8,473,951.9,530.7,2131,0,2130,1,waiting
8,474,945.9,531.3,615,0,614,1,waiting
8,474,951.5,537.8,329,747,1075,2,waiting
8,475,939.6,538,2198,0,2197,1,waiting
8,476,949.5,536.3,2459,0,2458,1,waiting
8,477,946.6,534.9,2399,0,2398,1,waiting
8,477,1032,538.3,125,2417,2541,2,targOff
8,478,942.9,533.4,2292,0,2291,1,waiting
8,479,943.7,534.6,2209,0,2208,1,waiting
8,480,944.8,534.3,2348,0,2347,1,waiting
8,480,956.2,528.7,104,2355,2458,2,targOff
8,481,944.3,539.3,1930,0,1929,1,waiting
8,482,941.5,534.5,1121,0,1120,1,waiting
8,482,1083.5,539,791,1145,1935,2,waiting
8,482,941.2,537.5,251,1957,2207,3,targOff
8,483,945,537.3,2197,0,2196,1,waiting
8,484,943.9,532.9,2110,0,2109,1,waiting
8,485,942.1,529.3,2208,0,2207,1,waiting
8,486,944,536.5,2329,0,2328,1,waiting
8,487,954.1,523.4,42,0,41,1,waiting
8,487,894.3,527,110,56,165,2,waiting
8,487,941.1,534.7,1969,178,2146,3,waiting
8,488,941.2,533.2,2475,0,2474,1,waiting
8,489,942.7,532,567,0,566,1,waiting
8,489,943.7,536.8,542,715,1256,2,waiting
8,490,940.4,540.2,2030,0,2029,1,waiting
8,491,947.5,536.4,2280,0,2279,1,waiting
8,492,942.6,538.5,2126,0,2125,1,waiting
8,493,940.8,533.6,2143,0,2142,1,waiting
8,494,939.8,534.7,646,0,645,1,waiting
8,494,942.6,535.4,349,894,1242,2,waiting
8,495,944.1,534.8,2447,0,2446,1,waiting
8,496,942.6,529.3,2259,0,2258,1,waiting
8,497,950,528.7,600,0,599,1,waiting
8,497,941.4,535.8,646,764,1409,2,waiting
8,498,948.5,533.7,2373,0,2372,1,waiting
8,498,993.2,528.2,77,2385,2461,2,targOff
8,499,948.4,533.3,2559,0,2558,1,waiting
8,500,949.3,532.5,2359,0,2358,1,waiting
8,501,947.6,528.9,428,0,427,1,waiting
8,501,942,537.8,332,682,1013,2,waiting
8,502,945,535.9,2213,0,2212,1,waiting
8,503,943.2,531,2375,0,2374,1,waiting
8,504,946.7,533.6,406,0,405,1,waiting
8,504,950.3,535.3,827,582,1408,2,waiting
8,505,954.5,534.5,1951,0,1950,1,waiting
8,506,958.2,534,1486,0,1485,1,waiting
8,506,1117.6,525.9,639,1516,2154,2,dotOff
8,507,959.7,526.6,1528,0,1527,1,waiting
8,507,1096.7,524,351,1551,1901,2,targVis
8,507,1129.7,526.8,220,1913,2132,3,targOff
8,508,956.3,525.3,1287,0,1286,1,waiting
8,508,815.4,534.9,1543,1312,2854,2,dotOff
8,508,803.7,531.2,450,2863,3312,3,dotOff
8,508,870.9,529.6,214,3330,3543,4,targOff
8,509,949.5,529.3,1800,0,1799,1,waiting
8,509,1101,523.3,283,1825,2107,2,dotOff
8,509,1110.7,525.9,1938,2116,4053,3,dotOff
8,510,951.8,529.4,1377,0,1376,1,waiting
8,510,1086.3,524.6,169,1401,1569,2,dotOff
8,510,1109.2,527.5,658,1579,2236,3,dotOff
8,511,949.8,533.5,745,0,744,1,waiting
8,511,951.1,526.7,332,919,1250,2,waiting
8,512,953,533,1759,0,1758,1,waiting
8,512,1097.7,530,748,1787,2534,2,dotOff
8,513,958.5,524.7,1745,0,1744,1,waiting
8,513,1094.6,522.8,418,1768,2185,2,targOff
8,514,952.8,528.1,1174,0,1173,1,waiting
8,514,801.9,527.2,770,1198,1967,2,dotOff
8,515,953.2,528.7,1277,0,1276,1,waiting
8,515,1047.4,522.1,348,1295,1642,2,dotOff
8,515,1102.3,530.2,532,1657,2188,3,targOff
8,516,956.2,530.7,2464,0,2463,1,waiting
8,516,1113.4,518.8,60,2490,2549,2,targOff
8,517,952.6,528.1,1447,0,1446,1,waiting
8,517,805.1,526.6,370,1470,1839,2,targOff
8,518,944.5,520.2,349,0,348,1,waiting
8,518,966.3,522.5,43,356,398,2,waiting
8,518,925.1,527.3,134,411,544,3,waiting
8,518,954.9,528.1,892,554,1445,4,waiting
8,518,1098.6,525.4,397,1473,1869,5,targOff
8,519,949.6,524.7,1494,0,1493,1,waiting
8,519,801.6,523.1,765,1519,2283,2,dotOff
8,520,956,528,1632,0,1631,1,waiting
8,520,818.5,522,396,1655,2050,2,targOff
8,521,952.7,529.4,1582,0,1581,1,waiting
8,521,802.5,532.1,762,1606,2367,2,dotOff
8,522,950.1,525.2,1646,0,1645,1,waiting
8,522,1096.6,522.1,464,1670,2133,2,targOff
8,523,951.7,528.9,1503,0,1502,1,waiting
8,523,1110.8,530.6,1008,1527,2534,2,dotOff
8,524,953.6,525.3,453,0,452,1,waiting
8,524,949.7,526.3,399,622,1020,2,waiting
8,525,946,530.6,1675,0,1674,1,waiting
8,525,1089.1,526.5,389,1700,2088,2,targOff
8,526,950.9,530.4,1437,0,1436,1,waiting
8,526,1101.1,528.4,990,1461,2450,2,dotOff
8,527,952.9,518.1,1795,0,1794,1,waiting
8,527,1093.8,518.9,465,1819,2283,2,targOff
8,528,951.5,520.9,1680,0,1679,1,waiting
8,528,1084.9,528.9,366,1705,2070,2,dotOff
8,528,1115.3,525.4,372,2081,2452,3,targOff
8,529,951.8,528,1870,0,1869,1,waiting
8,529,809.4,520.7,409,1892,2300,2,targOff
8,530,950.6,521.1,1385,0,1384,1,waiting
8,530,1072.7,519.3,703,1415,2117,2,dotOff
8,531,950.6,526.3,1491,0,1490,1,waiting
8,531,802.9,525.6,774,1514,2287,2,dotOff
8,532,953.3,525.3,2036,0,2035,1,waiting
8,532,1100,521.4,405,2063,2467,2,targOff
8,533,950.2,521.6,1251,0,1250,1,waiting
8,533,818.2,527.2,737,1273,2009,2,dotOff
8,534,943.9,523.1,1501,0,1500,1,waiting
8,534,1091,519.7,518,1532,2049,2,targOff
8,535,952.8,523.4,2284,0,2283,1,waiting
8,536,945.5,530.3,1505,0,1504,1,waiting
8,536,806.4,523.8,791,1530,2320,2,dotOff
8,537,980.4,521.9,149,0,148,1,waiting
8,537,950.6,524.7,1178,157,1334,2,waiting
8,537,810.4,521.2,422,1357,1778,3,targOff
8,538,948.5,528.4,1507,0,1506,1,waiting
8,538,815.7,527.5,672,1529,2200,2,dotOff
8,539,948.9,525.2,1548,0,1547,1,waiting
8,539,1101.7,525.9,558,1576,2133,2,targOff
8,540,963.3,525.5,138,0,137,1,waiting
8,540,947.5,526.8,1205,147,1351,2,waiting
8,540,1102.5,526.1,953,1383,2335,3,dotOff
8,541,957.4,524.7,870,0,869,1,waiting
8,541,802.2,528.2,892,894,1785,2,waiting
8,541,949.9,523.5,236,1811,2046,3,targOff
8,542,949.9,527.1,2361,0,2360,1,waiting
8,543,958.4,522.5,1211,0,1210,1,waiting
8,543,821.4,523.5,378,1234,1611,2,waiting
8,543,968.1,520,666,1642,2307,3,dotOff
8,544,959.8,527.7,2376,0,2375,1,waiting
8,545,957.8,522.8,2175,0,2174,1,waiting
8,545,1033.6,522.6,117,2192,2308,2,targOff
8,546,956.7,524.5,2375,0,2374,1,waiting
8,547,952.2,524.1,2375,0,2374,1,waiting
8,548,951.7,525.7,2475,0,2474,1,waiting
8,549,952.2,521.5,2293,0,2292,1,waiting
8,550,953.7,513.9,2315,0,2314,1,waiting
8,551,950,524.9,2209,0,2208,1,waiting
8,552,953,527.1,2458,0,2457,1,waiting
8,553,962.7,518.1,558,0,557,1,waiting
8,553,951.3,523,1727,565,2291,2,waiting
8,554,955.9,524.6,1447,0,1446,1,waiting
8,554,1094.3,526.9,686,1470,2155,2,dotOff
8,554,978.3,521.1,112,2179,2290,3,targOff
8,555,953.2,528.5,523,0,522,1,waiting
8,555,950.3,530.3,1582,530,2111,2,waiting
8,556,956,527.5,2043,0,2042,1,waiting
8,557,958.4,527.8,2125,0,2124,1,waiting
8,558,948.1,528.5,1177,0,1176,1,waiting
8,558,1100.4,523.6,576,1203,1778,2,waiting
8,558,948.1,531.2,656,1802,2457,3,dotOff
8,559,949.1,525.5,2226,0,2225,1,waiting
8,560,955.7,521.6,39,0,38,1,waiting
8,560,919.6,522.7,57,48,104,2,waiting
8,560,948.3,522.3,208,114,321,3,waiting
8,560,948.4,538.5,264,570,833,4,waiting
8,561,953.8,528.4,2375,0,2374,1,waiting
8,561,994.9,527.5,73,2389,2461,2,targOff
8,562,951.9,533.8,578,0,577,1,waiting
8,562,951.1,525.7,529,729,1257,2,waiting
8,563,944,552.6,670,0,669,1,waiting
8,563,955.2,543.4,353,810,1162,2,waiting
8,564,945.5,535,2111,0,2110,1,waiting
8,565,955.1,534.8,2290,0,2289,1,waiting
8,566,950.8,532.9,2226,0,2225,1,waiting
8,567,949.8,536.2,2208,0,2207,1,waiting
8,568,958.4,532.6,2059,0,2058,1,waiting
8,569,952.9,532.3,2041,0,2040,1,waiting
8,570,949.2,534.3,2124,0,2123,1,waiting
8,571,953.7,534,2209,0,2208,1,waiting
8,572,949.8,533.9,2492,0,2491,1,waiting
8,573,953.4,534.4,1891,0,1890,1,waiting
8,574,959,539.7,722,0,721,1,waiting
8,574,944,540.6,371,970,1340,2,waiting
8,575,950.7,538.6,2250,0,2249,1,waiting
8,576,949.1,542.3,2458,0,2457,1,waiting
